{"[VALIDATION] Mean Episode Reward (3 Episodes)": 60.66920978716488, "[TRAIN] Episode Reward": -152.58502167770953, "[TRAIN] Policy Loss": -9.20664119720459, "[TRAIN] avg_mu_v": 0.7821632027626038, "[TRAIN] avg_std_v": 2.0, "[TRAIN] avg_action": 0.24969987571239471, "Training Episode": 7120, "Training Steps": 7120, "_timestamp": 1717141566.0378706, "_runtime": 1319.7789795398712, "_step": 7119, "_wandb": {"runtime": 1319}}