{"[VALIDATION] Mean Episode Reward (3 Episodes)": -269.16644021987287, "[TRAIN] Episode Reward": -304.10067502750456, "[TRAIN] Policy Loss": -0.9068622589111328, "[TRAIN] avg_mu_v": -0.7930030226707458, "[TRAIN] avg_std_v": 2.0, "[TRAIN] avg_action": -0.2722722589969635, "Training Episode": 4115, "Training Steps": 4115, "_timestamp": 1717125771.0912523, "_runtime": 1103.2402112483978, "_step": 4114, "_wandb": {"runtime": 1102}}