{"[VALIDATION] Mean Episode Reward (3 Episodes)": -247.16100221957376, "[TRAIN] Episode Reward": -298.3296238632591, "[TRAIN] Policy Loss": -11.844291687011719, "[TRAIN] avg_mu_v": -0.642390787601471, "[TRAIN] avg_std_v": 2.0, "[TRAIN] avg_action": -0.16616617143154144, "Training Episode": 1243, "Training Steps": 1243, "_timestamp": 1717136542.0572383, "_runtime": 328.8203113079071, "_step": 1242, "_wandb": {"runtime": 328}}