{"[VALIDATION] Mean Episode Reward (3 Episodes)": 83.6881262778184, "[TRAIN] Episode Reward": 0.9855755405988731, "[TRAIN] Policy Loss": -6.061829090118408, "[TRAIN] avg_mu_v": 0.22236059606075287, "[TRAIN] avg_std_v": 2.0, "[TRAIN] avg_action": 0.10691823810338974, "Training Episode": 9248, "Training Steps": 9248, "_timestamp": 1717140230.1913586, "_runtime": 2538.10644865036, "_step": 9247, "_wandb": {"runtime": 2537}}