{"[VALIDATION] Mean Episode Reward (3 Episodes)": -120.70934743089799, "[TRAIN] Episode Reward": -301.27634476569995, "[TRAIN] Policy Loss": -7.1306304931640625, "[TRAIN] avg_mu_v": 0.8435191512107849, "[TRAIN] avg_std_v": 2.0, "[TRAIN] avg_action": 0.28828829526901245, "Training Episode": 1110, "Training Steps": 1110, "_timestamp": 1717136858.5838673, "_runtime": 307.6074113845825, "_step": 1109, "_wandb": {"runtime": 307}}