{"[VALIDATION] Mean Episode Reward (3 Episodes)": -0.5352197068706664, "[TRAIN] Episode Reward": -164.80163090162156, "[TRAIN] Policy Loss": -7.972887992858887, "[TRAIN] avg_mu_v": 0.2558606266975403, "[TRAIN] avg_std_v": 2.0, "[TRAIN] avg_action": 0.0996563583612442, "Training Episode": 10000, "Training Steps": 10000, "_timestamp": 1717129921.8457463, "_runtime": 1667.1011312007904, "_step": 9999, "_wandb": {"runtime": 1666}}