{"[VALIDATION] Mean Episode Reward (3 Episodes)": -2.9012369582406934, "[TRAIN] Episode Reward": -302.03922081031357, "[TRAIN] Policy Loss": -26.24988555908203, "[TRAIN] avg_mu_v": 0.03759770840406418, "[TRAIN] avg_std_v": 2.0, "[TRAIN] avg_action": 0.048048049211502075, "Training Episode": 2138, "Training Steps": 2138, "_timestamp": 1717137437.2049916, "_runtime": 567.676031589508, "_step": 2137, "_wandb": {"runtime": 567}}