{"[VALIDATION] Mean Episode Reward (3 Episodes)": -399.5999999999944, "[TRAIN] Episode Reward": -302.98107982554006, "[TRAIN] Policy Loss": 0.5945029258728027, "[TRAIN] avg_mu_v": 1.0, "[TRAIN] avg_std_v": 2.0, "[TRAIN] avg_action": 0.35635635256767273, "Training Episode": 361, "Training Steps": 361, "_timestamp": 1717126085.74131, "_runtime": 88.64184594154358, "_step": 360, "_wandb": {"runtime": 88}}