{"[VALIDATION] Mean Episode Reward (3 Episodes)": 73.08930154524451, "[TRAIN] Episode Reward": 5.904426404075068, "[TRAIN] Policy Loss": -4.931861877441406, "[TRAIN] avg_mu_v": 0.5012170076370239, "[TRAIN] avg_std_v": 2.0, "[TRAIN] avg_action": 0.15662650763988495, "Training Episode": 7456, "Training Steps": 7456, "_timestamp": 1717127391.6757581, "_runtime": 1299.5844700336456, "_step": 7455, "_wandb": {"runtime": 1299}}