{"[VALIDATION] Mean Episode Reward (3 Episodes)": -238.77200005302458, "[TRAIN] Episode Reward": -307.9264214016548, "[TRAIN] Policy Loss": -4.1143341064453125, "[TRAIN] avg_mu_v": -0.9162294864654541, "[TRAIN] avg_std_v": 2.0, "[TRAIN] avg_action": -0.33833834528923035, "Training Episode": 1033, "Training Steps": 1033, "_timestamp": 1717136858.5274003, "_runtime": 307.5000913143158, "_step": 1032, "_wandb": {"runtime": 307}}