{"[VALIDATION] Mean Episode Reward (3 Episodes)": -399.5999999999944, "[TRAIN] Episode Reward": -152.29701198489147, "[TRAIN] Policy Loss": -0.6178278923034668, "[TRAIN] avg_mu_v": 1.0, "[TRAIN] avg_std_v": 7.063401699066162, "[TRAIN] avg_action": 0.12518629431724548, "Training Episode": 409, "Training Steps": 409, "_timestamp": 1717125992.1704504, "_runtime": 101.15883350372314, "_step": 408, "_wandb": {"runtime": 100}}