{"[VALIDATION] Mean Episode Reward (3 Episodes)": 85.86018697227432, "[TRAIN] Episode Reward": -35.49289688339556, "[TRAIN] Policy Loss": -1.434920310974121, "[TRAIN] avg_mu_v": 0.16337040066719055, "[TRAIN] avg_std_v": 2.0, "[TRAIN] avg_action": 0.006666666828095913, "Training Episode": 2400, "Training Steps": 2400, "_timestamp": 1717127777.8406067, "_runtime": 375.1763107776642, "_step": 2399, "_wandb": {"runtime": 374}}